Name,Form,Type_1,Type_2,Total,HP,Attack,Defense,Sp..Atk,Sp..Def,Speed,Generation,Tier
Bulbasaur,,Grass,Poison,318,45,49,49,65,65,45,1,untiered
Ivysaur,,Grass,Poison,405,60,62,63,80,80,60,1,untiered
Venusaur,,Grass,Poison,525,80,82,83,100,100,80,1,RU
Charmander,,Fire,,309,39,52,43,60,50,65,1,untiered
Charmeleon,,Fire,,405,58,64,58,80,65,80,1,untiered
Charizard,,Fire,Flying,534,78,84,78,109,85,100,1,NU
Squirtle,,Water,,314,44,48,65,50,64,43,1,untiered
Wartortle,,Water,,405,59,63,80,65,80,58,1,PU
Blastoise,,Water,,530,79,83,100,85,105,78,1,RU
Caterpie,,Bug,,195,45,30,35,20,20,45,1,untiered
Metapod,,Bug,,205,50,20,55,25,25,30,1,untiered
Butterfree,,Bug,Flying,395,60,45,50,90,80,70,1,PU
Weedle,,Bug,Poison,195,40,35,30,20,20,50,1,untiered
Kakuna,,Bug,Poison,205,45,25,50,25,25,35,1,untiered
Beedrill,,Bug,Poison,395,65,90,40,45,80,75,1,PU
Pidgey,,Normal,Flying,251,40,45,40,35,35,56,1,untiered
Pidgeotto,,Normal,Flying,349,63,60,55,50,50,71,1,untiered
Pidgeot,,Normal,Flying,479,83,80,75,70,70,101,1,PU
Rattata,,Normal,,253,30,56,35,25,35,72,1,untiered
Raticate,,Normal,,413,55,81,60,50,70,97,1,PU
Spearow,,Normal,Flying,262,40,60,30,31,31,70,1,untiered
Fearow,,Normal,Flying,442,65,90,65,61,61,100,1,PU
Ekans,,Poison,,288,35,60,44,40,54,55,1,untiered
Arbok,,Poison,,448,60,95,69,65,79,80,1,PU
Pikachu,,Electric,,320,35,55,40,50,50,90,1,untiered
Raichu,,Electric,,485,60,90,55,90,80,110,1,PU
Sandshrew,,Ground,,300,50,75,85,20,30,40,1,untiered
Sandslash,,Ground,,450,75,100,110,45,55,65,1,NU
Nidoran,Female,Poison,,275,55,47,52,40,40,41,1,untiered
Nidorina,,Poison,,365,70,62,67,55,55,56,1,untiered
Nidoqueen,,Poison,Ground,505,90,92,87,75,85,76,1,UU
Nidoran,Male,Poison,,273,46,57,40,40,40,50,1,untiered
Nidorino,,Poison,,365,61,72,57,55,55,65,1,untiered
Nidoking,,Poison,Ground,505,81,102,77,85,75,85,1,UU
Clefairy,,Fairy,,323,70,45,48,60,65,35,1,PU
Clefable,,Fairy,,483,95,70,73,95,90,60,1,OU
Vulpix,,Fire,,299,38,41,40,50,65,65,1,untiered
Ninetales,,Fire,,505,73,76,75,81,100,100,1,PU
Jigglypuff,,Normal,Fairy,270,115,45,20,45,25,20,1,untiered
Wigglytuff,,Normal,Fairy,435,140,70,45,85,50,45,1,PU
Zubat,,Poison,Flying,245,40,45,35,30,40,55,1,untiered
Golbat,,Poison,Flying,455,75,80,70,65,75,90,1,RU
Oddish,,Grass,Poison,320,45,50,55,75,65,30,1,untiered
Gloom,,Grass,Poison,395,60,65,70,85,75,40,1,untiered
Vileplume,,Grass,Poison,490,75,80,85,110,90,50,1,NU
Paras,,Bug,Grass,285,35,70,55,45,55,25,1,untiered
Parasect,,Bug,Grass,405,60,95,80,60,80,30,1,PU
Venonat,,Bug,Poison,305,60,55,50,40,55,45,1,untiered
Venomoth,,Bug,Poison,450,70,65,60,90,75,90,1,BL2
Diglett,,Ground,,265,10,55,25,35,45,95,1,untiered
Dugtrio,,Ground,,425,35,100,50,50,70,120,1,OU
Meowth,,Normal,,290,40,45,35,40,40,90,1,untiered
Persian,,Normal,,440,65,70,60,65,65,115,1,PU
Psyduck,,Water,,320,50,52,48,65,50,55,1,untiered
Golduck,,Water,,500,80,82,78,95,80,85,1,PU
Mankey,,Fighting,,305,40,80,35,35,45,70,1,untiered
Primeape,,Fighting,,455,65,105,60,60,70,95,1,NU
Growlithe,,Fire,,350,55,70,45,70,50,60,1,untiered
Arcanine,,Fire,,555,90,110,80,100,80,95,1,UU
Poliwag,,Water,,300,40,50,40,40,40,90,1,untiered
Poliwhirl,,Water,,385,65,65,65,50,50,90,1,untiered
Poliwrath,,Water,Fighting,510,90,95,95,70,90,70,1,NU
Abra,,Psychic,,310,25,20,15,105,55,90,1,untiered
Kadabra,,Psychic,,400,40,35,30,120,70,105,1,PU
Alakazam,,Psychic,,500,55,50,45,135,95,120,1,BL
Machop,,Fighting,,305,70,80,50,35,35,35,1,untiered
Machoke,,Fighting,,405,80,100,70,50,60,45,1,BL4
Machamp,,Fighting,,505,90,130,80,65,85,55,1,UU
Bellsprout,,Grass,Poison,300,50,75,35,70,30,40,1,untiered
Weepinbell,,Grass,Poison,390,65,90,50,85,45,55,1,untiered
Victreebel,,Grass,Poison,490,80,105,65,100,70,70,1,BL4
Tentacool,,Water,Poison,335,40,40,35,50,100,70,1,untiered
Tentacruel,,Water,Poison,515,80,70,65,80,120,100,1,UU
Geodude,,Rock,Ground,300,40,80,100,30,30,20,1,untiered
Graveler,,Rock,Ground,390,55,95,115,45,45,35,1,untiered
Golem,,Rock,Ground,495,80,120,130,55,65,45,1,PU
Ponyta,,Fire,,410,50,85,55,65,65,90,1,untiered
Rapidash,,Fire,,500,65,100,70,80,80,105,1,PU
Slowpoke,,Water,Psychic,315,90,65,65,40,40,15,1,untiered
Slowbro,,Water,Psychic,490,95,75,110,100,80,30,1,OU
Magnemite,,Electric,Steel,325,25,35,70,95,55,45,1,untiered
Magneton,,Electric,Steel,465,50,60,95,120,70,70,1,RU
Farfetch'd,,Normal,Flying,377,52,90,55,58,62,60,1,PU
Doduo,,Normal,Flying,310,35,85,45,35,35,75,1,untiered
Dodrio,,Normal,Flying,470,60,110,70,60,60,110,1,PU
Seel,,Water,,325,65,45,55,45,70,45,1,untiered
Dewgong,,Water,Ice,475,90,70,80,70,95,70,1,PU
Grimer,,Poison,,325,80,80,50,40,50,25,1,untiered
Muk,,Poison,,500,105,105,75,65,100,50,1,PU
Shellder,,Water,,305,30,65,100,45,25,40,1,untiered
Cloyster,,Water,Ice,525,50,95,180,85,45,70,1,UU
Gastly,,Ghost,Poison,310,30,35,30,100,35,80,1,untiered
Haunter,,Ghost,Poison,405,45,50,45,115,55,95,1,NU
Gengar,,Ghost,Poison,500,60,65,60,130,75,110,1,OU
Onix,,Rock,Ground,385,35,45,160,30,45,70,1,untiered
Drowzee,,Psychic,,328,60,48,45,43,90,42,1,untiered
Hypno,,Psychic,,483,85,73,70,73,115,67,1,PU
Krabby,,Water,,325,30,105,90,25,25,50,1,untiered
Kingler,,Water,,475,55,130,115,50,50,75,1,PU
Voltorb,,Electric,,330,40,30,50,55,55,100,1,untiered
Electrode,,Electric,,490,60,50,70,80,80,150,1,PU
Exeggcute,,Grass,Psychic,325,60,40,80,60,45,40,1,untiered
Exeggutor,,Grass,Psychic,530,95,95,85,125,75,55,1,BL4
Cubone,,Ground,,320,50,50,95,40,50,35,1,untiered
Marowak,,Ground,,425,60,80,110,50,80,45,1,PU
Hitmonlee,,Fighting,,455,50,120,53,35,110,87,1,RU
Hitmonchan,,Fighting,,455,50,105,79,35,110,76,1,NU
Lickitung,,Normal,,385,90,55,75,60,75,30,1,untiered
Koffing,,Poison,,340,40,65,95,60,45,35,1,untiered
Weezing,,Poison,,490,65,90,120,85,70,60,1,NU
Rhyhorn,,Ground,Rock,345,80,85,95,30,30,25,1,untiered
Rhydon,,Ground,Rock,485,105,130,120,45,45,40,1,NU
Chansey,,Normal,,450,250,5,5,35,105,50,1,OU
Tangela,,Grass,,435,65,55,115,100,40,60,1,PU
Kangaskhan,,Normal,,490,105,95,80,40,80,90,1,NU
Horsea,,Water,,295,30,40,70,70,25,60,1,untiered
Seadra,,Water,,440,55,65,95,95,45,85,1,untiered
Goldeen,,Water,,320,45,67,60,35,50,63,1,untiered
Seaking,,Water,,450,80,92,65,65,80,68,1,PU
Staryu,,Water,,340,30,45,55,70,55,85,1,untiered
Starmie,,Water,Psychic,520,60,75,85,100,85,115,1,OU
Mr.Mime,,Psychic,Fairy,460,40,45,65,100,120,90,1,PU
Scyther,,Bug,Flying,500,70,110,80,55,80,105,1,NU
Jynx,,Ice,Psychic,455,65,50,35,115,95,95,1,NU
Electabuzz,,Electric,,490,65,83,57,95,85,105,1,untiered
Magmar,,Fire,,495,65,95,57,100,85,93,1,untiered
Pinsir,,Bug,,500,65,125,100,55,70,85,1,NU
Tauros,,Normal,,490,75,100,95,40,70,110,1,NU
Magikarp,,Water,,200,20,10,55,15,20,80,1,untiered
Gyarados,,Water,Flying,540,95,125,79,60,100,81,1,UU
Lapras,,Water,Ice,535,130,85,80,85,95,60,1,PU
Ditto,,Normal,,288,48,48,48,48,48,48,1,PU
Eevee,,Normal,,325,55,55,50,45,65,55,1,untiered
Vaporeon,,Water,,525,130,65,60,110,95,65,1,UU
Jolteon,,Electric,,525,65,65,60,110,95,130,1,RU
Flareon,,Fire,,525,65,130,60,95,110,65,1,PU
Porygon,,Normal,,395,65,60,70,85,75,40,1,untiered
Omanyte,,Rock,Water,355,35,40,100,90,55,35,1,untiered
Omastar,,Rock,Water,495,70,60,125,115,70,55,1,NU
Kabuto,,Rock,Water,355,30,80,90,55,45,55,1,untiered
Kabutops,,Rock,Water,495,60,115,105,65,70,80,1,NU
Aerodactyl,,Rock,Flying,515,80,105,65,60,75,130,1,RU
Snorlax,,Normal,,540,160,110,65,65,110,30,1,UU
Articuno,,Ice,Flying,580,90,85,100,95,125,85,1,PU
Zapdos,,Electric,Flying,580,90,90,85,125,90,100,1,OU
Moltres,,Fire,Flying,580,90,100,90,125,85,90,1,BL2
Dratini,,Dragon,,300,41,64,45,50,50,50,1,untiered
Dragonair,,Dragon,,420,61,84,65,70,70,70,1,PU
Dragonite,,Dragon,Flying,600,91,134,95,100,100,80,1,OU
Mewtwo,,Psychic,,680,106,110,90,154,90,130,1,Uber
Mew,,Psychic,,600,100,100,100,100,100,100,1,OU
Chikorita,,Grass,,318,45,49,65,49,65,45,2,untiered
Bayleef,,Grass,,405,60,62,80,63,80,60,2,untiered
Meganium,,Grass,,525,80,82,100,83,100,80,2,PU
Cyndaquil,,Fire,,309,39,52,43,60,50,65,2,untiered
Quilava,,Fire,,405,58,64,58,80,65,80,2,untiered
Typhlosion,,Fire,,534,78,84,78,109,85,100,2,RU
Totodile,,Water,,314,50,65,64,44,48,43,2,untiered
Croconaw,,Water,,405,65,80,80,59,63,58,2,untiered
Feraligatr,,Water,,530,85,105,100,79,83,78,2,UU
Sentret,,Normal,,215,35,46,34,35,45,20,2,untiered
Furret,,Normal,,415,85,76,64,45,55,90,2,PU
Hoothoot,,Normal,Flying,262,60,30,30,36,56,50,2,untiered
Noctowl,,Normal,Flying,452,100,50,50,86,96,70,2,PU
Ledyba,,Bug,Flying,265,40,20,30,40,80,55,2,untiered
Ledian,,Bug,Flying,390,55,35,50,55,110,85,2,PU
Spinarak,,Bug,Poison,250,40,60,40,40,40,30,2,untiered
Ariados,,Bug,Poison,400,70,90,70,60,70,40,2,PU
Crobat,,Poison,Flying,535,85,90,80,70,80,130,2,UU
Chinchou,,Water,Electric,330,75,38,38,56,56,67,2,untiered
Lanturn,,Water,Electric,460,125,58,58,76,76,67,2,NU
Pichu,,Electric,,205,20,40,15,35,35,60,2,untiered
Cleffa,,Fairy,,218,50,25,28,45,55,15,2,untiered
Igglybuff,,Normal,Fairy,210,90,30,15,40,20,15,2,untiered
Togepi,,Fairy,,245,35,20,65,40,65,20,2,untiered
Togetic,,Fairy,Flying,405,55,40,85,80,105,40,2,RU
Natu,,Psychic,Flying,320,40,50,45,70,45,70,2,untiered
Xatu,,Psychic,Flying,470,65,75,70,95,70,95,2,NU
Mareep,,Electric,,280,55,40,40,65,45,35,2,untiered
Flaaffy,,Electric,,365,70,55,55,80,60,45,2,untiered
Ampharos,,Electric,,510,90,75,85,115,90,55,2,PU
Bellossom,,Grass,,490,75,80,95,90,100,50,2,PU
Marill,,Water,Fairy,250,70,20,50,20,50,40,2,untiered
Azumarill,,Water,Fairy,420,100,50,80,60,80,50,2,OU
Sudowoodo,,Rock,,410,70,100,115,30,65,30,2,PU
Politoed,,Water,,500,90,75,75,90,100,70,2,PU
Hoppip,,Grass,Flying,250,35,35,40,35,55,50,2,untiered
Skiploom,,Grass,Flying,340,55,45,50,45,65,80,2,untiered
Jumpluff,,Grass,Flying,460,75,55,70,55,95,110,2,PU
Aipom,,Normal,,360,55,70,55,40,55,85,2,untiered
Sunkern,,Grass,,180,30,30,30,30,30,30,2,untiered
Sunflora,,Grass,,425,75,75,55,105,85,30,2,PU
Yanma,,Bug,Flying,390,65,65,45,75,45,95,2,untiered
Wooper,,Water,Ground,210,55,45,45,25,25,15,2,untiered
Quagsire,,Water,Ground,430,95,85,85,65,65,35,2,PU
Espeon,,Psychic,,525,65,65,60,130,95,110,2,UU
Umbreon,,Dark,,525,95,65,110,60,130,65,2,UU
Murkrow,,Dark,Flying,405,60,85,42,85,42,91,2,PU
Slowking,,Water,Psychic,490,95,75,80,100,110,30,2,RU
Misdreavus,,Ghost,,435,60,60,60,85,85,85,2,PU
Unown,,Psychic,,336,48,72,48,72,48,48,2,PU
Wobbuffet,,Psychic,,405,190,33,58,33,58,33,2,PU
Girafarig,,Normal,Psychic,455,70,80,65,90,65,85,2,PU
Pineco,,Bug,,290,50,65,90,35,35,15,2,untiered
Forretress,,Bug,Steel,465,75,90,140,60,60,40,2,UU
Dunsparce,,Normal,,415,100,70,70,65,65,45,2,PU
Gligar,,Ground,Flying,430,65,75,105,35,65,85,2,UU
Steelix,,Steel,Ground,510,75,85,200,55,65,30,2,NU
Snubbull,,Fairy,,300,60,80,50,40,40,30,2,untiered
Granbull,,Fairy,,450,90,120,75,60,60,45,2,RU
Qwilfish,,Water,Poison,440,65,95,85,55,55,85,2,RU
Scizor,,Bug,Steel,500,70,130,100,55,80,65,2,OU
Shuckle,,Bug,Rock,505,20,10,230,10,230,5,2,BL2
Heracross,,Bug,Fighting,500,80,125,75,40,95,85,2,UU
Sneasel,,Dark,Ice,430,55,95,55,35,75,115,2,RU
Teddiursa,,Normal,,330,60,80,50,50,50,40,2,untiered
Ursaring,,Normal,,500,90,130,75,75,75,55,2,PU
Slugma,,Fire,,250,40,40,40,70,40,20,2,untiered
Magcargo,,Fire,Rock,430,60,50,120,90,80,30,2,PU
Swinub,,Ice,Ground,250,50,50,40,30,30,50,2,untiered
Piloswine,,Ice,Ground,450,100,100,80,60,60,50,2,NU
Corsola,,Water,Rock,410,65,55,95,65,95,35,2,PU
Remoraid,,Water,,300,35,65,35,65,35,65,2,untiered
Octillery,,Water,,480,75,105,75,105,75,45,2,PU
Delibird,,Ice,Flying,330,45,55,45,65,45,75,2,PU
Mantine,,Water,Flying,485,85,40,70,80,140,70,2,NU
Skarmory,,Steel,Flying,465,65,80,140,40,70,70,2,OU
Houndour,,Dark,Fire,330,45,60,30,80,50,65,2,untiered
Houndoom,,Dark,Fire,500,75,90,50,110,80,95,2,RU
Kingdra,,Water,Dragon,540,75,95,95,95,95,85,2,BL2
Phanpy,,Ground,,330,90,60,60,40,40,40,2,untiered
Donphan,,Ground,,500,90,120,120,60,60,50,2,UU
Porygon2,,Normal,,515,85,80,90,105,95,60,2,UU
Stantler,,Normal,,465,73,95,62,85,65,85,2,PU
Smeargle,,Normal,,250,55,20,35,20,45,75,2,PU
Tyrogue,,Fighting,,210,35,35,35,35,35,35,2,untiered
Hitmontop,,Fighting,,455,50,95,95,35,110,70,2,RU
Smoochum,,Ice,Psychic,305,45,30,15,85,65,65,2,untiered
Elekid,,Electric,,360,45,63,37,65,55,95,2,untiered
Magby,,Fire,,365,45,75,37,70,55,83,2,untiered
Miltank,,Normal,,490,95,80,105,40,70,100,2,NU
Blissey,,Normal,,540,255,10,10,75,135,55,2,UU
Raikou,,Electric,,580,90,85,75,115,100,115,2,OU
Entei,,Fire,,580,115,115,85,90,75,100,2,UU
Suicune,,Water,,580,100,75,115,90,115,85,2,UU
Larvitar,,Rock,Ground,300,50,64,50,45,50,41,2,untiered
Pupitar,,Rock,Ground,410,70,84,70,65,70,51,2,untiered
Tyranitar,,Rock,Dark,600,100,134,110,95,100,61,2,OU
Lugia,,Psychic,Flying,680,106,90,130,90,154,110,2,Uber
Ho-oh,,Fire,Flying,680,106,130,90,110,154,90,2,Uber
Celebi,,Psychic,Grass,600,100,100,100,100,100,100,2,UU
Treecko,,Grass,,310,40,45,35,65,55,70,3,untiered
Grovyle,,Grass,,405,50,65,45,85,65,95,3,untiered
Sceptile,,Grass,,530,70,85,65,105,85,120,3,BL3
Torchic,,Fire,,310,45,60,40,70,50,45,3,untiered
Combusken,,Fire,Fighting,405,60,85,60,85,60,55,3,PU
Blaziken,,Fire,Fighting,530,80,120,70,110,70,80,3,Uber
Mudkip,,Water,,310,50,70,50,50,50,40,3,untiered
Marshtomp,,Water,Ground,405,70,85,70,60,70,50,3,untiered
Swampert,,Water,Ground,535,100,110,90,85,90,60,3,UU
Poochyena,,Dark,,220,35,55,35,30,30,35,3,untiered
Mightyena,,Dark,,420,70,90,70,60,60,70,3,PU
Zigzagoon,,Normal,,240,38,30,41,30,41,60,3,untiered
Linoone,,Normal,,420,78,70,61,50,61,100,3,BL4
Wurmple,,Bug,,195,45,45,35,20,30,20,3,untiered
Silcoon,,Bug,,205,50,35,55,25,25,15,3,untiered
Beautifly,,Bug,Flying,395,60,70,50,100,50,65,3,PU
Cascoon,,Bug,,205,50,35,55,25,25,15,3,untiered
Dustox,,Bug,Poison,385,60,50,70,50,90,65,3,PU
Lotad,,Water,Grass,220,40,30,30,40,50,30,3,untiered
Lombre,,Water,Grass,340,60,50,50,60,70,50,3,untiered
Ludicolo,,Water,Grass,480,80,70,70,90,100,70,3,NU
Seedot,,Grass,,220,40,40,50,30,30,30,3,untiered
Nuzleaf,,Grass,Dark,340,70,70,40,60,40,60,3,untiered
Shiftry,,Grass,Dark,480,90,100,60,90,60,80,3,NU
Taillow,,Normal,Flying,270,40,55,30,30,30,85,3,untiered
Swellow,,Normal,Flying,455,60,85,60,75,50,125,3,NU
Wingull,,Water,Flying,270,40,30,30,55,30,85,3,untiered
Pelipper,,Water,Flying,440,60,50,100,95,70,65,3,PU
Ralts,,Psychic,Fairy,198,28,25,25,45,35,40,3,untiered
Kirlia,,Psychic,Fairy,278,38,35,35,65,55,50,3,untiered
Gardevoir,,Psychic,Fairy,518,68,65,65,125,115,80,3,UU
Surskit,,Bug,Water,269,40,30,32,50,52,65,3,untiered
Masquerain,,Bug,Flying,454,70,60,62,100,82,80,3,PU
Shroomish,,Grass,,295,60,40,60,40,60,35,3,untiered
Breloom,,Grass,Fighting,460,60,130,80,60,60,70,3,OU
Slakoth,,Normal,,280,60,60,60,35,35,30,3,untiered
Vigoroth,,Normal,,440,80,80,80,55,55,90,3,BL4
Slaking,,Normal,,670,150,160,100,95,65,100,3,PU
Nincada,,Bug,Ground,266,31,45,90,30,30,40,3,untiered
Ninjask,,Bug,Flying,456,61,90,45,50,50,160,3,PU
Shedinja,,Bug,Ghost,236,1,90,45,30,30,40,3,PU
Whismur,,Normal,,240,64,51,23,51,23,28,3,untiered
Loudred,,Normal,,360,84,71,43,71,43,48,3,untiered
Exploud,,Normal,,490,104,91,63,91,73,68,3,RU
Makuhita,,Fighting,,237,72,60,30,20,30,25,3,untiered
Hariyama,,Fighting,,474,144,120,60,40,60,50,3,NU
Azurill,,Normal,Fairy,190,50,20,40,20,40,20,3,untiered
Nosepass,,Rock,,375,30,45,135,45,90,30,3,untiered
Skitty,,Normal,,260,50,45,45,35,35,50,3,untiered
Delcatty,,Normal,,400,70,65,65,55,55,90,3,PU
Sableye,,Dark,Ghost,380,50,75,75,65,65,50,3,BL2
Mawile,,Steel,Fairy,380,50,85,85,55,55,50,3,PU
Aron,,Steel,Rock,330,50,70,100,40,40,30,3,untiered
Lairon,,Steel,Rock,430,60,90,140,50,50,40,3,untiered
Aggron,,Steel,Rock,530,70,110,180,60,60,50,3,NU
Meditite,,Fighting,Psychic,280,30,40,55,40,55,60,3,untiered
Medicham,,Fighting,Psychic,410,60,60,75,60,75,80,3,RU
Electrike,,Electric,,295,40,45,40,65,40,65,3,untiered
Manectric,,Electric,,475,70,75,60,105,60,105,3,NU
Plusle,,Electric,,405,60,50,40,85,75,95,3,PU
Minun,,Electric,,405,60,40,50,75,85,95,3,PU
Volbeat,,Bug,,430,65,73,75,47,85,85,3,PU
Illumise,,Bug,,430,65,47,75,73,85,85,3,PU
Roselia,,Grass,Poison,400,50,60,45,100,80,65,3,PU
Gulpin,,Poison,,302,70,43,53,43,53,40,3,untiered
Swalot,,Poison,,467,100,73,83,73,83,55,3,PU
Carvanha,,Water,Dark,305,45,90,20,65,20,65,3,untiered
Sharpedo,,Water,Dark,460,70,120,40,95,40,95,3,BL2
Wailmer,,Water,,400,130,70,35,70,35,60,3,untiered
Wailord,,Water,,500,170,90,45,90,45,60,3,PU
Numel,,Fire,Ground,305,60,60,40,65,45,35,3,untiered
Camerupt,,Fire,Ground,460,70,100,70,105,75,40,3,PU
Torkoal,,Fire,,470,70,85,140,85,70,20,3,PU
Spoink,,Psychic,,330,60,25,35,70,80,60,3,untiered
Grumpig,,Psychic,,470,80,45,65,90,110,80,3,PU
Spinda,,Normal,,360,60,60,60,60,60,60,3,PU
Trapinch,,Ground,,290,45,100,45,45,45,10,3,untiered
Vibrava,,Ground,Dragon,340,50,70,50,50,50,70,3,PU
Flygon,,Ground,Dragon,520,80,100,80,80,80,100,3,RU
Cacnea,,Grass,,335,50,85,40,85,40,35,3,untiered
Cacturne,,Grass,Dark,475,70,115,60,115,60,55,3,PU
Swablu,,Normal,Flying,310,45,40,60,40,75,50,3,untiered
Altaria,,Dragon,Flying,490,75,70,90,70,105,80,3,PU
Zangoose,,Normal,,458,73,115,60,60,60,90,3,NU
Seviper,,Poison,,458,73,100,60,100,60,65,3,PU
Lunatone,,Rock,Psychic,460,90,55,65,95,85,70,3,PU
Solrock,,Rock,Psychic,460,90,95,85,55,65,70,3,PU
Barboach,,Water,Ground,288,50,48,43,46,41,60,3,untiered
Whiscash,,Water,Ground,468,110,78,73,76,71,60,3,PU
Corphish,,Water,,308,43,80,65,50,35,35,3,untiered
Crawdaunt,,Water,Dark,468,63,120,85,90,55,55,3,UU
Baltoy,,Ground,Psychic,300,40,40,55,40,70,55,3,untiered
Claydol,,Ground,Psychic,500,60,70,105,70,120,75,3,NU
Lileep,,Rock,Grass,355,66,41,77,61,87,23,3,untiered
Cradily,,Rock,Grass,495,86,81,97,81,107,43,3,NU
Anorith,,Rock,Bug,355,45,95,50,40,50,75,3,untiered
Armaldo,,Rock,Bug,495,75,125,100,70,80,45,3,PU
Feebas,,Water,,200,20,15,20,10,55,80,3,untiered
Milotic,,Water,,540,95,60,79,100,125,81,3,UU
Castform,,Normal,,420,70,70,70,70,70,70,3,PU
Castform,SunnyForm,Fire,,420,70,70,70,70,70,70,3,PU
Castform,RainyForm,Water,,420,70,70,70,70,70,70,3,PU
Castform,SnowyForm,Ice,,420,70,70,70,70,70,70,3,PU
Kecleon,,Normal,,440,60,90,70,60,120,40,3,NU
Shuppet,,Ghost,,295,44,75,35,63,33,45,3,untiered
Banette,,Ghost,,455,64,115,65,83,63,65,3,PU
Duskull,,Ghost,,295,20,40,90,30,90,25,3,untiered
Dusclops,,Ghost,,455,40,70,130,60,130,25,3,PU
Tropius,,Grass,Flying,460,99,68,83,72,87,51,3,PU
Chimecho,,Psychic,,455,75,50,80,95,90,65,3,PU
Absol,,Dark,,465,65,130,60,75,60,75,3,RU
Wynaut,,Psychic,,260,95,23,48,23,48,23,3,untiered
Snorunt,,Ice,,300,50,50,50,50,50,50,3,untiered
Glalie,,Ice,,480,80,80,80,80,80,80,3,PU
Spheal,,Ice,Water,290,70,40,50,55,50,25,3,untiered
Sealeo,,Ice,Water,410,90,60,70,75,70,45,3,untiered
Walrein,,Ice,Water,530,110,80,90,95,90,65,3,PU
Clamperl,,Water,,345,35,64,85,74,55,32,3,untiered
Huntail,,Water,,485,55,104,105,94,75,52,3,PU
Gorebyss,,Water,,485,55,84,105,114,75,52,3,PU
Relicanth,,Water,Rock,485,100,90,130,45,65,55,3,PU
Luvdisc,,Water,,330,43,30,55,40,65,97,3,PU
Bagon,,Dragon,,300,45,75,60,40,30,50,3,untiered
Shelgon,,Dragon,,420,65,95,100,60,50,50,3,untiered
Salamence,,Dragon,Flying,600,95,135,80,110,80,100,3,BL
Beldum,,Steel,Psychic,300,40,55,80,35,60,30,3,untiered
Metang,,Steel,Psychic,420,60,75,100,55,80,50,3,PU
Metagross,,Steel,Psychic,600,80,135,130,95,90,70,3,UU
Regirock,,Rock,,580,80,100,200,50,100,50,3,NU
Regice,,Ice,,580,80,50,100,100,200,50,3,PU
Registeel,,Steel,,580,80,75,150,75,150,50,3,RU
Latias,,Dragon,Psychic,600,80,80,90,110,130,110,3,OU
Latios,,Dragon,Psychic,600,80,90,80,130,110,110,3,OU
Kyogre,,Water,,670,100,100,90,150,140,90,3,Uber
Groudon,,Ground,,670,100,150,140,100,90,90,3,Uber
Rayquaza,,Dragon,Flying,680,105,150,90,150,90,95,3,Uber
Jirachi,,Steel,Psychic,600,100,100,100,100,100,100,3,OU
Deoxys,NormalForme,Psychic,,600,50,150,50,150,50,150,3,Uber
Deoxys,AttackForme,Psychic,,600,50,180,20,180,20,150,3,Uber
Deoxys,DefenseForme,Psychic,,600,50,70,160,70,160,90,3,Uber
Deoxys,SpeedForme,Psychic,,600,50,95,90,95,90,180,3,Uber
Turtwig,,Grass,,318,55,68,64,45,55,31,4,untiered
Grotle,,Grass,,405,75,89,85,55,65,36,4,untiered
Torterra,,Grass,Ground,525,95,109,105,75,85,56,4,NU
Chimchar,,Fire,,309,44,58,44,58,44,61,4,untiered
Monferno,,Fire,Fighting,405,64,78,52,78,52,81,4,PU
Infernape,,Fire,Fighting,534,76,104,71,104,71,108,4,UU
Piplup,,Water,,314,53,51,53,61,56,40,4,untiered
Prinplup,,Water,,405,64,66,68,81,76,50,4,PU
Empoleon,,Water,Steel,530,84,86,88,111,101,60,4,UU
Starly,,Normal,Flying,245,40,55,30,30,30,60,4,untiered
Staravia,,Normal,Flying,340,55,75,50,40,40,80,4,untiered
Staraptor,,Normal,Flying,485,85,120,70,50,60,100,4,BL
Bidoof,,Normal,,250,59,45,40,35,40,31,4,untiered
Bibarel,,Normal,Water,410,79,85,60,55,60,71,4,PU
Kricketot,,Bug,,194,37,25,41,25,41,25,4,untiered
Kricketune,,Bug,,384,77,85,51,55,51,65,4,PU
Shinx,,Electric,,263,45,65,34,40,34,45,4,untiered
Luxio,,Electric,,363,60,85,49,60,49,60,4,untiered
Luxray,,Electric,,523,80,120,79,95,79,70,4,PU
Budew,,Grass,Poison,280,40,30,35,50,70,55,4,untiered
Roserade,,Grass,Poison,515,60,70,65,125,105,90,4,UU
Cranidos,,Rock,,350,67,125,40,30,30,58,4,untiered
Rampardos,,Rock,,495,97,165,60,65,50,58,4,PU
Shieldon,,Rock,Steel,350,30,42,118,42,88,30,4,untiered
Bastiodon,,Rock,Steel,495,60,52,168,47,138,30,4,PU
Burmy,PlantCloak,Bug,,224,40,29,45,29,45,36,4,untiered
Burmy,SandyCloak,Bug,,224,40,29,45,29,45,36,4,untiered
Burmy,TrashCloak,Bug,,224,40,29,45,29,45,36,4,untiered
Wormadam,PlantCloak,Bug,Grass,424,60,59,85,79,105,36,4,untiered
Wormadam,SandyCloak,Bug,Ground,424,60,79,105,59,85,36,4,untiered
Wormadam,TrashCloak,Bug,Steel,424,60,69,95,69,95,36,4,untiered
Mothim,,Bug,Flying,424,70,94,50,94,50,66,4,PU
Combee,,Bug,Flying,244,30,30,42,30,42,70,4,untiered
Vespiquen,,Bug,Flying,474,70,80,102,80,102,40,4,PU
Pachirisu,,Electric,,405,60,45,70,45,90,95,4,PU
Buizel,,Water,,330,55,65,35,60,30,85,4,untiered
Floatzel,,Water,,495,85,105,55,85,50,115,4,PU
Cherubi,,Grass,,275,45,35,45,62,53,35,4,untiered
Cherrim,,Grass,,450,70,60,70,87,78,85,4,PU
Shellos,,Water,,325,76,48,48,57,62,34,4,untiered
Gastrodon,,Water,Ground,475,111,83,68,92,82,39,4,NU
Ambipom,,Normal,,482,75,100,66,60,66,115,4,RU
Drifloon,,Ghost,Flying,348,90,50,34,60,44,70,4,untiered
Drifblim,,Ghost,Flying,498,150,80,44,90,54,80,4,PU
Buneary,,Normal,,350,55,66,44,44,56,85,4,untiered
Lopunny,,Normal,,480,65,76,84,54,96,105,4,PU
Mismagius,,Ghost,,495,60,60,60,105,105,105,4,NU
Honchkrow,,Dark,Flying,505,100,125,52,105,52,71,4,BL2
Glameow,,Normal,,310,49,55,42,42,37,85,4,untiered
Purugly,,Normal,,452,71,82,64,64,59,112,4,PU
Chingling,,Psychic,,285,45,30,50,65,50,45,4,untiered
Stunky,,Poison,Dark,329,63,63,47,41,41,74,4,untiered
Skuntank,,Poison,Dark,479,103,93,67,71,61,84,4,NU
Bronzor,,Steel,Psychic,300,57,24,86,24,86,23,4,untiered
Bronzong,,Steel,Psychic,500,67,89,116,79,116,33,4,RU
Bonsly,,Rock,,290,50,80,95,10,45,10,4,untiered
MimeJr.,,Psychic,Fairy,310,20,25,45,70,90,60,4,untiered
Happiny,,Normal,,220,100,5,5,15,65,30,4,untiered
Chatot,,Normal,Flying,411,76,65,45,92,42,91,4,PU
Spiritomb,,Ghost,Dark,485,50,92,108,92,108,35,4,RU
Gible,,Dragon,Ground,300,58,70,45,40,45,42,4,untiered
Gabite,,Dragon,Ground,410,68,90,65,50,55,82,4,PU
Garchomp,,Dragon,Ground,600,108,130,95,80,85,102,4,OU
Munchlax,,Normal,,390,135,85,40,40,85,5,4,untiered
Riolu,,Fighting,,285,40,70,40,35,40,60,4,untiered
Lucario,,Fighting,Steel,525,70,110,70,115,70,90,4,UU
Hippopotas,,Ground,,330,68,72,78,38,42,32,4,untiered
Hippowdon,,Ground,,525,108,112,118,68,72,47,4,OU
Skorupi,,Poison,Bug,330,40,50,90,30,55,65,4,untiered
Drapion,,Poison,Dark,500,70,90,110,60,75,95,4,RU
Croagunk,,Poison,Fighting,300,48,61,40,61,40,50,4,untiered
Toxicroak,,Poison,Fighting,490,83,106,65,86,65,85,4,UU
Carnivine,,Grass,,454,74,100,72,90,72,46,4,PU
Finneon,,Water,,330,49,49,56,49,61,66,4,untiered
Lumineon,,Water,,460,69,69,76,69,86,91,4,PU
Mantyke,,Water,Flying,345,45,20,50,60,120,50,4,untiered
Snover,,Grass,Ice,334,60,62,50,62,60,40,4,untiered
Abomasnow,,Grass,Ice,494,90,92,75,92,85,60,4,NU
Weavile,,Dark,Ice,510,70,120,65,45,85,125,4,OU
Magnezone,,Electric,Steel,535,70,70,115,130,90,60,4,OU
Lickilicky,,Normal,,515,110,85,95,80,95,50,4,PU
Rhyperior,,Ground,Rock,535,115,140,130,55,55,40,4,RU
Tangrowth,,Grass,,535,100,100,125,110,50,50,4,OU
Electivire,,Electric,,540,75,123,67,95,85,95,4,NU
Magmortar,,Fire,,540,75,95,67,125,95,83,4,NU
Togekiss,,Fairy,Flying,545,85,50,95,120,115,80,4,BL
Yanmega,,Bug,Flying,515,86,76,86,116,56,95,4,BL2
Leafeon,,Grass,,525,65,110,130,60,65,95,4,PU
Glaceon,,Ice,,525,65,60,110,130,95,65,4,PU
Gliscor,,Ground,Flying,510,75,95,125,45,75,95,4,OU
Mamoswine,,Ice,Ground,530,110,130,80,70,60,80,4,UU
Porygon-Z,,Normal,,535,85,80,70,135,75,90,4,UU
Gallade,,Psychic,Fighting,518,68,125,65,65,115,80,4,RU
Probopass,,Rock,Steel,525,60,55,145,75,150,40,4,PU
Dusknoir,,Ghost,,525,45,100,135,65,135,45,4,PU
Froslass,,Ice,Ghost,480,70,80,70,80,70,110,4,BL2
Rotom,,Electric,Ghost,440,50,50,77,95,77,91,4,NU
Rotom,HeatRotom,Electric,Fire,520,50,65,107,105,107,86,4,NU
Rotom,WashRotom,Electric,Water,520,50,65,107,105,107,86,4,NU
Rotom,FrostRotom,Electric,Ice,520,50,65,107,105,107,86,4,NU
Rotom,FanRotom,Electric,Flying,520,50,65,107,105,107,86,4,NU
Rotom,MowRotom,Electric,Grass,520,50,65,107,105,107,86,4,NU
Uxie,,Psychic,,580,75,75,130,75,130,95,4,RU
Mesprit,,Psychic,,580,80,105,105,105,105,80,4,NU
Azelf,,Psychic,,580,75,125,70,125,70,115,4,OU
Dialga,,Steel,Dragon,680,100,120,120,150,100,90,4,Uber
Palkia,,Water,Dragon,680,90,120,100,150,120,100,4,Uber
Heatran,,Fire,Steel,600,91,90,106,130,106,77,4,OU
Regigigas,,Normal,,670,110,160,110,80,110,100,4,PU
Giratina,AlteredForme,Ghost,Dragon,680,150,100,120,100,120,90,4,Uber
Giratina,OriginForme,Ghost,Dragon,680,150,120,100,120,100,90,4,Uber
Cresselia,,Psychic,,580,120,70,110,75,120,85,4,UU
Phione,,Water,,480,80,80,80,80,80,80,4,PU
Manaphy,,Water,,600,100,100,100,100,100,100,4,OU
Darkrai,,Dark,,600,70,90,90,135,90,125,4,Uber
Shaymin,LandForme,Grass,,600,100,100,100,100,100,100,4,BL2
Shaymin,SkyForme,Grass,Flying,600,100,103,75,120,75,127,4,BL2
Arceus,,Normal,,720,120,120,120,120,120,120,4,Uber
Victini,,Psychic,Fire,600,100,100,100,100,100,100,5,BL
Snivy,,Grass,,308,45,45,55,45,55,63,5,untiered
Servine,,Grass,,413,60,60,75,60,75,83,5,PU
Serperior,,Grass,,528,75,75,95,75,95,113,5,OU
Tepig,,Fire,,308,65,63,45,45,45,45,5,untiered
Pignite,,Fire,Fighting,418,90,93,55,70,55,55,5,untiered
Emboar,,Fire,Fighting,528,110,123,65,100,65,65,5,RU
Oshawott,,Water,,308,55,55,45,63,45,45,5,untiered
Dewott,,Water,,413,75,75,60,83,60,60,5,untiered
Samurott,,Water,,528,95,100,85,108,70,70,5,NU
Patrat,,Normal,,255,45,55,39,35,39,42,5,untiered
Watchog,,Normal,,420,60,85,69,60,69,77,5,PU
Lillipup,,Normal,,275,45,60,45,25,45,55,5,untiered
Herdier,,Normal,,370,65,80,65,35,65,60,5,untiered
Stoutland,,Normal,,500,85,110,90,45,90,80,5,PU
Purrloin,,Dark,,281,41,50,37,50,37,66,5,untiered
Liepard,,Dark,,446,64,88,50,88,50,106,5,NU
Pansage,,Grass,,316,50,53,48,53,48,64,5,untiered
Simisage,,Grass,,498,75,98,63,98,63,101,5,PU
Pansear,,Fire,,316,50,53,48,53,48,64,5,untiered
Simisear,,Fire,,498,75,98,63,98,63,101,5,PU
Panpour,,Water,,316,50,53,48,53,48,64,5,untiered
Simipour,,Water,,498,75,98,63,98,63,101,5,PU
Munna,,Psychic,,292,76,25,45,67,55,24,5,untiered
Musharna,,Psychic,,487,116,55,85,107,95,29,5,BL4
Pidove,,Normal,Flying,264,50,55,50,36,30,43,5,untiered
Tranquill,,Normal,Flying,358,62,77,62,50,42,65,5,untiered
Unfezant,,Normal,Flying,488,80,115,80,65,55,93,5,PU
Blitzle,,Electric,,295,45,60,32,50,32,76,5,untiered
Zebstrika,,Electric,,497,75,100,63,80,63,116,5,PU
Roggenrola,,Rock,,280,55,75,85,25,25,15,5,untiered
Boldore,,Rock,,390,70,105,105,50,40,20,5,untiered
Gigalith,,Rock,,515,85,135,130,60,80,25,5,PU
Woobat,,Psychic,Flying,323,65,45,43,55,43,72,5,untiered
Swoobat,,Psychic,Flying,425,67,57,55,77,55,114,5,PU
Drilbur,,Ground,,328,60,85,40,30,45,68,5,untiered
Excadrill,,Ground,Steel,508,110,135,60,50,65,88,5,OU
Audino,,Normal,,445,103,60,86,60,86,50,5,PU
Timburr,,Fighting,,305,75,80,55,25,35,35,5,untiered
Gurdurr,,Fighting,,405,85,105,85,40,50,40,5,NU
Conkeldurr,,Fighting,,505,105,140,95,55,65,45,5,UU
Tympole,,Water,,294,50,50,40,50,40,64,5,untiered
Palpitoad,,Water,Ground,384,75,65,55,65,55,69,5,untiered
Seismitoad,,Water,Ground,509,105,95,75,85,75,74,5,RU
Throh,,Fighting,,465,120,100,85,30,85,45,5,BL4
Sawk,,Fighting,,465,75,125,75,30,75,85,5,RU
Sewaddle,,Bug,Grass,310,45,53,70,40,60,42,5,untiered
Swadloon,,Bug,Grass,380,55,63,90,50,80,42,5,untiered
Leavanny,,Bug,Grass,500,75,103,80,70,80,92,5,PU
Venipede,,Bug,Poison,260,30,45,59,30,39,57,5,untiered
Whirlipede,,Bug,Poison,360,40,55,99,40,79,47,5,untiered
Scolipede,,Bug,Poison,485,60,100,89,55,69,112,5,BL
Cottonee,,Grass,Fairy,280,40,27,60,37,50,66,5,untiered
Whimsicott,,Grass,Fairy,480,60,67,85,77,75,116,5,UU
Petilil,,Grass,,280,45,35,50,70,50,30,5,untiered
Lilligant,,Grass,,480,70,60,75,110,75,90,5,NU
Basculin,Red-StripedForm,Water,,460,70,92,65,80,55,98,5,PU
Basculin,Blue-StripedForm,Water,,460,70,92,65,80,55,98,5,PU
Sandile,,Ground,Dark,292,50,72,35,35,35,65,5,untiered
Krokorok,,Ground,Dark,351,60,82,45,45,45,74,5,PU
Krookodile,,Ground,Dark,519,95,117,80,65,70,92,5,UU
Darumaka,,Fire,,315,70,90,45,15,45,50,5,untiered
Darmanitan,StandardMode,Fire,,480,105,140,55,30,55,95,5,UU
Darmanitan,ZenMode,Fire,Psychic,540,105,30,105,140,105,55,5,UU
Maractus,,Grass,,461,75,86,67,106,67,60,5,PU
Dwebble,,Bug,Rock,325,50,65,85,35,35,55,5,untiered
Crustle,,Bug,Rock,485,70,105,125,65,75,45,5,PU
Scraggy,,Dark,Fighting,348,50,75,70,35,70,48,5,untiered
Scrafty,,Dark,Fighting,488,65,90,115,45,115,58,5,RU
Sigilyph,,Psychic,Flying,490,72,58,80,103,80,97,5,RU
Yamask,,Ghost,,303,38,30,85,55,65,30,5,untiered
Cofagrigus,,Ghost,,483,58,50,145,95,105,30,5,RU
Tirtouga,,Water,Rock,355,54,78,103,53,45,22,5,untiered
Carracosta,,Water,Rock,495,74,108,133,83,65,32,5,BL4
Archen,,Rock,Flying,401,55,112,45,74,45,70,5,untiered
Archeops,,Rock,Flying,567,75,140,65,112,65,110,5,NU
Trubbish,,Poison,,329,50,50,62,40,62,65,5,untiered
Garbodor,,Poison,,474,80,95,82,60,82,75,5,NU
Zorua,,Dark,,330,40,65,40,80,40,65,5,untiered
Zoroark,,Dark,,510,60,105,60,120,60,105,5,BL2
Minccino,,Normal,,300,55,50,40,40,40,75,5,untiered
Cinccino,,Normal,,470,75,95,60,65,60,115,5,RU
Gothita,,Psychic,,290,45,30,50,55,65,45,5,untiered
Gothorita,,Psychic,,390,60,45,70,75,85,55,5,untiered
Gothitelle,,Psychic,,490,70,55,95,95,110,65,5,PU
Solosis,,Psychic,,290,45,30,40,105,50,20,5,untiered
Duosion,,Psychic,,370,65,40,50,125,60,30,5,PU
Reuniclus,,Psychic,,490,110,65,75,125,85,30,5,UU
Ducklett,,Water,Flying,305,62,44,50,44,50,55,5,untiered
Swanna,,Water,Flying,473,75,87,63,87,63,98,5,PU
Vanillite,,Ice,,305,36,50,50,65,60,44,5,untiered
Vanillish,,Ice,,395,51,65,65,80,75,59,5,untiered
Vanilluxe,,Ice,,535,71,95,85,110,95,79,5,PU
Deerling,,Normal,Grass,335,60,60,50,40,50,75,5,untiered
Sawsbuck,,Normal,Grass,475,80,100,70,60,70,95,5,PU
Emolga,,Electric,Flying,428,55,75,60,75,60,103,5,PU
Karrablast,,Bug,,315,50,75,45,40,45,60,5,untiered
Escavalier,,Bug,Steel,495,70,135,105,60,105,20,5,RU
Foongus,,Grass,Poison,294,69,55,45,55,55,15,5,untiered
Amoonguss,,Grass,Poison,464,114,85,70,85,80,30,5,OU
Frillish,,Water,Ghost,335,55,40,50,65,85,40,5,untiered
Jellicent,,Water,Ghost,480,100,60,70,85,105,60,5,RU
Alomomola,,Water,,470,165,75,80,40,45,65,5,RU
Joltik,,Bug,Electric,319,50,47,50,57,50,65,5,untiered
Galvantula,,Bug,Electric,472,70,77,60,97,60,108,5,UU
Ferroseed,,Grass,Steel,305,44,50,91,24,86,10,5,NU
Ferrothorn,,Grass,Steel,489,74,94,131,54,116,20,5,OU
Klink,,Steel,,300,40,55,70,45,60,30,5,untiered
Klang,,Steel,,440,60,80,95,70,85,50,5,PU
Klinklang,,Steel,,520,60,100,115,70,85,90,5,NU
Tynamo,,Electric,,275,35,55,40,45,40,60,5,untiered
Eelektrik,,Electric,,405,65,85,70,75,70,40,5,untiered
Eelektross,,Electric,,515,85,115,80,105,80,50,5,RU
Elgyem,,Psychic,,335,55,55,55,85,55,30,5,untiered
Beheeyem,,Psychic,,485,75,75,75,125,95,40,5,PU
Litwick,,Ghost,Fire,275,50,30,55,65,55,20,5,untiered
Lampent,,Ghost,Fire,370,60,40,60,95,60,55,5,untiered
Chandelure,,Ghost,Fire,520,60,55,90,145,90,80,5,UU
Axew,,Dragon,,320,46,87,60,30,40,57,5,untiered
Fraxure,,Dragon,,410,66,117,70,40,50,67,5,PU
Haxorus,,Dragon,,540,76,147,90,60,70,97,5,UU
Cubchoo,,Ice,,305,55,70,40,60,40,40,5,untiered
Beartic,,Ice,,505,95,130,80,70,80,50,5,PU
Cryogonal,,Ice,,515,80,50,50,95,135,105,5,PU
Shelmet,,Bug,,305,50,40,85,40,65,25,5,untiered
Accelgor,,Bug,,495,80,70,40,100,60,145,5,RU
Stunfisk,,Ground,Electric,471,109,66,84,81,99,32,5,PU
Mienfoo,,Fighting,,350,45,85,50,55,50,65,5,untiered
Mienshao,,Fighting,,510,65,125,60,95,60,105,5,UU
Druddigon,,Dragon,,485,77,120,90,60,90,48,5,RU
Golett,,Ground,Ghost,303,59,74,50,35,50,35,5,untiered
Golurk,,Ground,Ghost,483,89,124,80,55,80,55,5,NU
Pawniard,,Dark,Steel,340,45,85,70,40,40,60,5,PU
Bisharp,,Dark,Steel,490,65,125,100,60,70,70,5,OU
Bouffalant,,Normal,,490,95,110,95,40,95,55,5,PU
Rufflet,,Normal,Flying,350,70,83,50,37,50,60,5,untiered
Braviary,,Normal,Flying,510,100,123,75,57,75,80,5,RU
Vullaby,,Dark,Flying,370,70,55,75,45,65,60,5,PU
Mandibuzz,,Dark,Flying,510,110,65,105,55,95,80,5,UU
Heatmor,,Fire,,484,85,97,66,105,66,65,5,PU
Durant,,Bug,Steel,484,58,109,112,48,48,109,5,BL2
Deino,,Dark,Dragon,300,52,65,50,45,50,38,5,untiered
Zweilous,,Dark,Dragon,420,72,85,70,65,70,58,5,PU
Hydreigon,,Dark,Dragon,600,92,105,90,125,90,98,5,UU
Larvesta,,Bug,Fire,360,55,85,55,50,55,60,5,untiered
Volcarona,,Bug,Fire,550,85,60,65,135,105,100,5,BL
Cobalion,,Steel,Fighting,580,91,90,129,90,72,108,5,UU
Terrakion,,Rock,Fighting,580,91,129,90,72,90,108,5,BL
Virizion,,Grass,Fighting,580,91,90,72,90,129,108,5,RU
Tornadus,IncarnateForme,Flying,,580,79,115,70,125,80,111,5,UU
Tornadus,TherianForme,Flying,,580,79,100,80,110,90,121,5,UU
Thundurus,IncarnateForme,Electric,Flying,580,79,115,70,125,80,111,5,OU
Thundurus,TherianForme,Electric,Flying,580,79,105,70,145,80,101,5,OU
Reshiram,,Dragon,Fire,680,100,120,100,150,120,90,5,Uber
Zekrom,,Dragon,Electric,680,100,150,120,120,100,90,5,Uber
Landorus,IncarnateForme,Ground,Flying,600,89,125,90,115,80,101,5,Uber
Landorus,TherianForme,Ground,Flying,600,89,145,90,105,80,91,5,Uber
Kyurem,,Dragon,Ice,660,125,130,90,130,90,95,5,BL2
Kyurem,WhiteKyurem,Dragon,Ice,700,125,120,90,170,100,95,5,BL2
Kyurem,BlackKyurem,Dragon,Ice,700,125,170,100,120,90,95,5,BL2
Keldeo,OrdinaryForm,Water,Fighting,580,91,72,90,129,90,108,5,OU
Keldeo,ResoluteForm,Water,Fighting,580,91,72,90,129,90,108,5,OU
Meloetta,AriaForme,Normal,Psychic,600,100,77,77,128,128,90,5,RU
Meloetta,PirouetteForme,Normal,Fighting,600,100,128,90,77,77,128,5,RU
Genesect,,Bug,Steel,600,71,120,95,120,95,99,5,Uber
Venusaur,MegaVenusaur,Grass,Poison,625,80,100,123,122,120,80,6,RU
Charizard,MegaCharizardX,Fire,Dragon,634,78,130,111,130,85,100,6,NU
Charizard,MegaCharizardY,Fire,Flying,634,78,104,78,159,115,100,6,NU
Blastoise,MegaBlastoise,Water,,630,79,103,120,135,115,78,6,RU
Beedrill,MegaBeedrill,Bug,Poison,495,65,150,40,15,80,145,6,PU
Pidgeot,MegaPidgeot,Normal,Flying,579,83,80,80,135,80,121,6,PU
Alakazam,MegaAlakazam,Psychic,,600,55,50,65,175,105,150,6,BL
Slowbro,MegaSlowbro,Water,Psychic,590,95,75,180,130,80,30,6,OU
Gengar,MegaGengar,Ghost,Poison,600,60,65,80,170,95,130,6,OU
Kangaskhan,MegaKangaskhan,Normal,,590,105,125,100,60,100,100,6,NU
Pinsir,MegaPinsir,Bug,Flying,600,65,155,120,65,90,105,6,NU
Gyarados,MegaGyarados,Water,Dark,640,95,155,109,70,130,81,6,UU
Aerodactyl,MegaAerodactyl,Rock,Flying,615,80,135,85,70,95,150,6,RU
Mewtwo,MegaMewtwoX,Psychic,Fighting,780,106,190,100,154,100,130,6,Uber
Mewtwo,MegaMewtwoY,Psychic,,780,106,150,70,194,120,140,6,Uber
Ampharos,MegaAmpharos,Electric,Dragon,610,90,95,105,165,110,45,6,PU
Steelix,MegaSteelix,Steel,Ground,610,75,125,230,55,95,30,6,NU
Scizor,MegaScizor,Bug,Steel,600,70,150,140,65,100,75,6,OU
Heracross,MegaHeracross,Bug,Fighting,600,80,185,115,40,105,75,6,UU
Houndoom,MegaHoundoom,Dark,Fire,600,75,90,90,140,90,115,6,RU
Tyranitar,MegaTyranitar,Rock,Dark,700,100,164,150,95,120,71,6,OU
Sceptile,MegaSceptile,Grass,Dragon,630,70,110,75,145,85,145,6,BL3
Blaziken,MegaBlaziken,Fire,Fighting,630,80,160,80,130,80,100,6,Uber
Swampert,MegaSwampert,Water,Ground,635,100,150,110,95,110,70,6,UU
Gardevoir,MegaGardevoir,Psychic,Fairy,618,68,85,65,165,135,100,6,UU
Sableye,MegaSableye,Dark,Ghost,480,50,85,125,85,115,20,6,BL2
Mawile,MegaMawile,Steel,Fairy,480,50,105,125,55,95,50,6,PU
Aggron,MegaAggron,Steel,,630,70,140,230,60,80,50,6,NU
Medicham,MegaMedicham,Fighting,Psychic,510,60,100,85,80,85,100,6,RU
Manectric,MegaManectric,Electric,,575,70,75,80,135,80,135,6,NU
Sharpedo,MegaSharpedo,Water,Dark,560,70,140,70,110,65,105,6,BL2
Camerupt,MegaCamerupt,Fire,Ground,560,70,120,100,145,105,20,6,PU
Altaria,MegaAltaria,Dragon,Fairy,590,75,110,110,110,105,80,6,PU
Banette,MegaBanette,Ghost,,555,64,165,75,93,83,75,6,PU
Absol,MegaAbsol,Dark,,565,65,150,60,115,60,115,6,RU
Glalie,MegaGlalie,Ice,,580,80,120,80,120,80,100,6,PU
Salamence,MegaSalamence,Dragon,Flying,700,95,145,130,120,90,120,6,BL
Metagross,MegaMetagross,Steel,Psychic,700,80,145,150,105,110,110,6,UU
Latias,MegaLatias,Dragon,Psychic,700,80,100,120,140,150,110,6,OU
Latios,MegaLatios,Dragon,Psychic,700,80,130,100,160,120,110,6,OU
Kyogre,PrimalKyogre,Water,,770,100,150,90,180,160,90,6,Uber
Groudon,PrimalGroudon,Ground,Fire,770,100,180,160,150,90,90,6,Uber
Rayquaza,MegaRayquaza,Dragon,Flying,780,105,180,100,180,100,115,6,Uber
Lopunny,MegaLopunny,Normal,Fighting,580,65,136,94,54,96,135,6,PU
Garchomp,MegaGarchomp,Dragon,Ground,700,108,170,115,120,95,92,6,OU
Lucario,MegaLucario,Fighting,Steel,625,70,145,88,140,70,112,6,UU
Abomasnow,MegaAbomasnow,Grass,Ice,594,90,132,105,132,105,30,6,NU
Gallade,MegaGallade,Psychic,Fighting,618,68,165,95,65,115,110,6,RU
Audino,MegaAudino,Normal,Fairy,545,103,60,126,80,126,50,6,PU
Chespin,,Grass,,313,56,61,65,48,45,38,6,untiered
Quilladin,,Grass,,405,61,78,95,56,58,57,6,PU
Chesnaught,,Grass,Fighting,530,88,107,122,74,75,64,6,UU
Fennekin,,Fire,,307,40,45,40,62,60,60,6,untiered
Braixen,,Fire,,409,59,59,58,90,70,73,6,untiered
Delphox,,Fire,Psychic,534,75,69,72,114,100,104,6,RU
Froakie,,Water,,314,41,56,40,62,44,71,6,untiered
Frogadier,,Water,,405,54,63,52,83,56,97,6,untiered
Greninja,,Water,Dark,530,72,95,67,103,71,122,6,Uber
Bunnelby,,Normal,,237,38,36,38,32,36,57,6,untiered
Diggersby,,Normal,Ground,423,85,56,77,50,77,78,6,BL
Fletchling,,Normal,Flying,278,45,50,43,40,38,62,6,untiered
Fletchinder,,Fire,Flying,382,62,73,55,56,52,84,6,RU
Talonflame,,Fire,Flying,499,78,81,71,74,69,126,6,OU
Scatterbug,,Bug,,200,38,35,40,27,25,35,6,untiered
Spewpa,,Bug,,213,45,22,60,27,30,29,6,untiered
Vivillon,,Bug,Flying,411,80,52,50,90,50,89,6,NU
Litleo,,Fire,Normal,369,62,50,58,73,54,72,6,untiered
Pyroar,,Fire,Normal,507,86,68,72,109,66,106,6,NU
Flabébé,,Fairy,,303,44,38,39,61,79,42,6,untiered
Floette,,Fairy,,371,54,45,47,75,98,52,6,untiered
Florges,,Fairy,,552,78,65,68,112,154,75,6,UU
Skiddo,,Grass,,350,66,65,48,62,57,52,6,untiered
Gogoat,,Grass,,531,123,100,62,97,81,68,6,PU
Pancham,,Fighting,,348,67,82,62,46,48,43,6,untiered
Pangoro,,Fighting,Dark,495,95,124,78,69,71,58,6,BL2
Furfrou,,Normal,,472,75,80,60,65,90,102,6,PU
Espurr,,Psychic,,355,62,48,54,63,60,68,6,untiered
Meowstic,Male,Psychic,,466,74,48,76,83,81,104,6,untiered
Meowstic,Female,Psychic,,466,74,48,76,83,81,104,6,untiered
Honedge,,Steel,Ghost,325,45,80,100,35,37,28,6,untiered
Doublade,,Steel,Ghost,448,59,110,150,45,49,35,6,UU
Aegislash,ShieldForme,Steel,Ghost,500,60,50,140,50,140,60,6,Uber
Aegislash,BladeForme,Steel,Ghost,500,60,140,50,140,50,60,6,Uber
Spritzee,,Fairy,,341,78,52,60,63,65,23,6,untiered
Aromatisse,,Fairy,,462,101,72,72,99,89,29,6,RU
Swirlix,,Fairy,,341,62,48,66,59,57,49,6,untiered
Slurpuff,,Fairy,,480,82,80,86,85,75,72,6,BL2
Inkay,,Dark,Psychic,288,53,54,53,37,46,45,6,untiered
Malamar,,Dark,Psychic,482,86,92,88,68,75,73,6,NU
Binacle,,Rock,Water,306,42,52,67,39,56,50,6,untiered
Barbaracle,,Rock,Water,500,72,105,115,54,86,68,6,NU
Skrelp,,Poison,Water,320,50,60,60,60,60,30,6,untiered
Dragalge,,Poison,Dragon,494,65,75,90,97,123,44,6,BL2
Clauncher,,Water,,330,50,53,62,58,63,44,6,untiered
Clawitzer,,Water,,500,71,73,88,120,89,59,6,RU
Helioptile,,Electric,Normal,289,44,38,33,61,43,70,6,untiered
Heliolisk,,Electric,Normal,481,62,55,52,109,94,109,6,UU
Tyrunt,,Rock,Dragon,362,58,89,77,45,45,48,6,untiered
Tyrantrum,,Rock,Dragon,521,82,121,119,69,59,71,6,BL2
Amaura,,Rock,Ice,362,77,59,50,67,63,46,6,untiered
Aurorus,,Rock,Ice,521,123,77,72,99,92,58,6,NU
Sylveon,,Fairy,,525,95,65,65,110,130,60,6,UU
Hawlucha,,Fighting,Flying,500,78,92,75,74,63,118,6,BL
Dedenne,,Electric,Fairy,431,67,58,57,81,67,101,6,PU
Carbink,,Rock,Fairy,500,50,50,150,50,150,50,6,PU
Goomy,,Dragon,,300,45,50,35,55,75,40,6,untiered
Sliggoo,,Dragon,,452,68,75,53,83,113,60,6,PU
Goodra,,Dragon,,600,90,100,70,110,150,80,6,UU
Klefki,,Steel,Fairy,470,57,80,91,80,87,75,6,UU
Phantump,,Ghost,Grass,309,43,70,48,50,60,38,6,untiered
Trevenant,,Ghost,Grass,474,85,110,76,65,82,56,6,PU
Pumpkaboo,AverageSize,Ghost,Grass,335,49,66,70,44,55,51,6,untiered
Pumpkaboo,SmallSize,Ghost,Grass,335,44,66,70,44,55,56,6,untiered
Pumpkaboo,LargeSize,Ghost,Grass,335,54,66,70,44,55,46,6,untiered
Pumpkaboo,SuperSize,Ghost,Grass,335,59,66,70,44,55,41,6,untiered
Gourgeist,AverageSize,Ghost,Grass,494,65,90,122,58,75,84,6,PU
Gourgeist,SmallSize,Ghost,Grass,494,55,85,122,58,75,99,6,PU
Gourgeist,LargeSize,Ghost,Grass,494,75,95,122,58,75,69,6,PU
Gourgeist,SuperSize,Ghost,Grass,494,85,100,122,58,75,54,6,PU
Bergmite,,Ice,,304,55,69,85,32,35,28,6,untiered
Avalugg,,Ice,,514,95,117,184,44,46,28,6,PU
Noibat,,Flying,Dragon,245,40,30,35,45,40,55,6,untiered
Noivern,,Flying,Dragon,535,85,70,80,97,80,123,6,BL2
Xerneas,,Fairy,,680,126,131,95,131,98,99,6,Uber
Yveltal,,Dark,Flying,680,126,131,95,131,98,99,6,Uber
Zygarde50%Forme,,Dragon,Ground,600,108,100,121,81,95,95,6,untiered
Diancie,,Rock,Fairy,600,50,100,150,100,150,50,6,RU
Diancie,MegaDiancie,Rock,Fairy,700,50,160,110,160,110,110,6,RU
Hoopa,HoopaConfined,Psychic,Ghost,600,80,110,60,150,130,70,6,RU
Hoopa,HoopaUnbound,Psychic,Dark,680,80,160,60,170,130,80,6,RU
Volcanion,,Fire,Water,600,80,110,120,130,90,70,6,OU
Rattata,AlolanRattata,Dark,Normal,253,30,56,35,25,35,72,7,untiered
Raticate,AlolanRaticate,Dark,Normal,413,75,71,70,40,80,77,7,PU
Pikachu,PartnerPikachu,Electric,,430,45,80,50,75,60,120,7,untiered
Raichu,AlolanRaichu,Electric,Psychic,485,60,85,50,95,85,110,7,PU
Sandshrew,AlolanSandshrew,Ice,Steel,300,50,75,90,10,35,40,7,untiered
Sandslash,AlolanSandslash,Ice,Steel,450,75,100,120,25,65,65,7,NU
Vulpix,AlolanVulpix,Ice,,299,38,41,40,50,65,65,7,untiered
Ninetales,AlolanNinetales,Ice,Fairy,505,73,67,75,81,100,109,7,PU
Diglett,AlolanDiglett,Ground,Steel,265,10,55,30,35,45,90,7,untiered
Dugtrio,AlolanDugtrio,Ground,Steel,425,35,100,60,50,70,110,7,OU
Meowth,AlolanMeowth,Dark,,290,40,35,35,50,40,90,7,untiered
Persian,AlolanPersian,Dark,,440,65,60,60,75,65,115,7,PU
Geodude,AlolanGeodude,Rock,Electric,300,40,80,100,30,30,20,7,untiered
Graveler,AlolanGraveler,Rock,Electric,390,55,95,115,45,45,35,7,untiered
Golem,AlolanGolem,Rock,Electric,495,80,120,130,55,65,45,7,PU
Grimer,AlolanGrimer,Poison,Dark,325,80,80,50,40,50,25,7,untiered
Muk,AlolanMuk,Poison,Dark,500,105,105,75,65,100,50,7,PU
Exeggutor,AlolanExeggutor,Grass,Dragon,530,95,105,85,125,75,45,7,BL4
Marowak,AlolanMarowak,Fire,Ghost,425,60,80,110,50,80,45,7,PU
Eevee,PartnerEevee,Normal,,435,65,75,70,65,85,75,7,untiered
Greninja,Ash-Greninja,Water,Dark,640,72,145,67,153,71,132,7,Uber
Zygarde10%Forme,,Dragon,Ground,486,54,100,71,61,85,115,7,untiered
Zygarde,CompleteForme,Dragon,Ground,708,216,100,121,91,95,85,7,BL
Rowlet,,Grass,Flying,320,68,55,55,50,50,42,7,untiered
Dartrix,,Grass,Flying,420,78,75,75,70,70,52,7,untiered
Decidueye,,Grass,Ghost,530,78,107,75,100,100,70,7,untiered
Litten,,Fire,,320,45,65,40,60,40,70,7,untiered
Torracat,,Fire,,420,65,85,50,80,50,90,7,untiered
Incineroar,,Fire,Dark,530,95,115,90,80,90,60,7,untiered
Popplio,,Water,,320,50,54,54,66,56,40,7,untiered
Brionne,,Water,,420,60,69,69,91,81,50,7,untiered
Primarina,,Water,Fairy,530,80,74,74,126,116,60,7,untiered
Pikipek,,Normal,Flying,265,35,75,30,30,30,65,7,untiered
Trumbeak,,Normal,Flying,355,55,85,50,40,50,75,7,untiered
Toucannon,,Normal,Flying,485,80,120,75,75,75,60,7,untiered
Yungoos,,Normal,,253,48,70,30,30,30,45,7,untiered
Gumshoos,,Normal,,418,88,110,60,55,60,45,7,untiered
Grubbin,,Bug,,300,47,62,45,55,45,46,7,untiered
Charjabug,,Bug,Electric,400,57,82,95,55,75,36,7,untiered
Vikavolt,,Bug,Electric,500,77,70,90,145,75,43,7,untiered
Crabrawler,,Fighting,,338,47,82,57,42,47,63,7,untiered
Crabominable,,Fighting,Ice,478,97,132,77,62,67,43,7,untiered
Oricorio,BaileStyle,Fire,Flying,476,75,70,70,98,70,93,7,untiered
Oricorio,Pom-PomStyle,Electric,Flying,476,75,70,70,98,70,93,7,untiered
Oricorio,Pa'uStyle,Psychic,Flying,476,75,70,70,98,70,93,7,untiered
Oricorio,SensuStyle,Ghost,Flying,476,75,70,70,98,70,93,7,untiered
Cutiefly,,Bug,Fairy,304,40,45,40,55,40,84,7,untiered
Ribombee,,Bug,Fairy,464,60,55,60,95,70,124,7,untiered
Rockruff,,Rock,,280,45,65,40,30,40,60,7,untiered
Rockruff,OwnTempoRockruff,Rock,,280,45,65,40,30,40,60,7,untiered
Lycanroc,MiddayForm,Rock,,487,75,115,65,55,65,112,7,untiered
Lycanroc,MidnightForm,Rock,,487,85,115,75,55,75,82,7,untiered
Lycanroc,DuskForm,Rock,,487,75,117,65,55,65,110,7,untiered
Wishiwashi,SoloForm,Water,,175,45,20,20,25,25,40,7,untiered
Wishiwashi,SchoolForm,Water,,620,45,140,130,140,135,30,7,untiered
Mareanie,,Poison,Water,305,50,53,62,43,52,45,7,untiered
Toxapex,,Poison,Water,495,50,63,152,53,142,35,7,untiered
Mudbray,,Ground,,385,70,100,70,45,55,45,7,untiered
Mudsdale,,Ground,,500,100,125,100,55,85,35,7,untiered
Dewpider,,Water,Bug,269,38,40,52,40,72,27,7,untiered
Araquanid,,Water,Bug,454,68,70,92,50,132,42,7,untiered
Fomantis,,Grass,,250,40,55,35,50,35,35,7,untiered
Lurantis,,Grass,,480,70,105,90,80,90,45,7,untiered
Morelull,,Grass,Fairy,285,40,35,55,65,75,15,7,untiered
Shiinotic,,Grass,Fairy,405,60,45,80,90,100,30,7,untiered
Salandit,,Poison,Fire,320,48,44,40,71,40,77,7,untiered
Salazzle,,Poison,Fire,480,68,64,60,111,60,117,7,untiered
Stufful,,Normal,Fighting,340,70,75,50,45,50,50,7,untiered
Bewear,,Normal,Fighting,500,120,125,80,55,60,60,7,untiered
Bounsweet,,Grass,,210,42,30,38,30,38,32,7,untiered
Steenee,,Grass,,290,52,40,48,40,48,62,7,untiered
Tsareena,,Grass,,510,72,120,98,50,98,72,7,untiered
Comfey,,Fairy,,485,51,52,90,82,110,100,7,untiered
Oranguru,,Normal,Psychic,490,90,60,80,90,110,60,7,untiered
Passimian,,Fighting,,490,100,120,90,40,60,80,7,untiered
Wimpod,,Bug,Water,230,25,35,40,20,30,80,7,untiered
Golisopod,,Bug,Water,530,75,125,140,60,90,40,7,untiered
Sandygast,,Ghost,Ground,320,55,55,80,70,45,15,7,untiered
Palossand,,Ghost,Ground,480,85,75,110,100,75,35,7,untiered
Pyukumuku,,Water,,410,55,60,130,30,130,5,7,untiered
Type:Null,,Normal,,534,95,95,95,95,95,59,7,untiered
Silvally,,Normal,,570,95,95,95,95,95,95,7,untiered
Minior,MeteorForm,Rock,Flying,440,60,60,100,60,100,60,7,untiered
Minior,CoreForm,Rock,Flying,500,60,100,60,100,60,120,7,untiered
Komala,,Normal,,480,65,115,65,75,95,65,7,untiered
Turtonator,,Fire,Dragon,485,60,78,135,91,85,36,7,untiered
Togedemaru,,Electric,Steel,435,65,98,63,40,73,96,7,untiered
Mimikyu,,Ghost,Fairy,476,55,90,80,50,105,96,7,untiered
Bruxish,,Water,Psychic,475,68,105,70,70,70,92,7,untiered
Drampa,,Normal,Dragon,485,78,60,85,135,91,36,7,untiered
Dhelmise,,Ghost,Grass,517,70,131,100,86,90,40,7,untiered
Jangmo-o,,Dragon,,300,45,55,65,45,45,45,7,untiered
Hakamo-o,,Dragon,Fighting,420,55,75,90,65,70,65,7,untiered
Kommo-o,,Dragon,Fighting,600,75,110,125,100,105,85,7,untiered
TapuKoko,,Electric,Fairy,570,70,115,85,95,75,130,7,untiered
TapuLele,,Psychic,Fairy,570,70,85,75,130,115,95,7,untiered
TapuBulu,,Grass,Fairy,570,70,130,115,85,95,75,7,untiered
TapuFini,,Water,Fairy,570,70,75,115,95,130,85,7,untiered
Cosmog,,Psychic,,200,43,29,31,29,31,37,7,untiered
Cosmoem,,Psychic,,400,43,29,131,29,131,37,7,untiered
Solgaleo,,Psychic,Steel,680,137,137,107,113,89,97,7,untiered
Lunala,,Psychic,Ghost,680,137,113,89,137,107,97,7,untiered
Nihilego,,Rock,Poison,570,109,53,47,127,131,103,7,untiered
Buzzwole,,Bug,Fighting,570,107,139,139,53,53,79,7,untiered
Pheromosa,,Bug,Fighting,570,71,137,37,137,37,151,7,untiered
Xurkitree,,Electric,,570,83,89,71,173,71,83,7,untiered
Celesteela,,Steel,Flying,570,97,101,103,107,101,61,7,untiered
Kartana,,Grass,Steel,570,59,181,131,59,31,109,7,untiered
Guzzlord,,Dark,Dragon,570,223,101,53,97,53,43,7,untiered
Necrozma,,Psychic,,600,97,107,101,127,89,79,7,untiered
Necrozma,DuskManeNecrozma,Psychic,Steel,680,97,157,127,113,109,77,7,untiered
Necrozma,DawnWingsNecrozma,Psychic,Ghost,680,97,113,109,157,127,77,7,untiered
Necrozma,UltraNecrozma,Psychic,Dragon,754,97,167,97,167,97,129,7,untiered
Magearna,,Steel,Fairy,600,80,95,115,130,115,65,7,untiered
Marshadow,,Fighting,Ghost,600,90,125,80,90,90,125,7,untiered
Poipole,,Poison,,420,67,73,67,73,67,73,7,untiered
Naganadel,,Poison,Dragon,540,73,73,73,127,73,121,7,untiered
Stakataka,,Rock,Steel,570,61,131,211,53,101,13,7,untiered
Blacephalon,,Fire,Ghost,570,53,127,53,151,79,107,7,untiered
Zeraora,,Electric,,600,88,112,75,102,80,143,7,untiered
Meltan,,Steel,,300,46,65,65,55,35,34,7,untiered
Melmetal,,Steel,,600,135,143,143,80,65,34,7,untiered
Meowth,GalarianMeowth,Steel,,290,50,65,55,40,40,40,8,untiered
Growlithe,HisuianGrowlithe,Fire,Rock,350,60,75,45,65,50,55,8,untiered
Arcanine,HisuianArcanine,Fire,Rock,555,95,115,80,95,80,90,8,UU
Ponyta,GalarianPonyta,Psychic,,410,50,85,55,65,65,90,8,untiered
Rapidash,GalarianRapidash,Psychic,Fairy,500,65,100,70,80,80,105,8,PU
Slowpoke,GalarianSlowpoke,Psychic,,315,90,65,65,40,40,15,8,untiered
Slowbro,GalarianSlowbro,Poison,Psychic,490,95,100,95,100,70,30,8,OU
Farfetch'd,GalarianFarfetch'd,Fighting,,377,52,95,55,58,62,55,8,PU
Voltorb,HisuianVoltorb,Electric,Grass,330,40,30,50,55,55,100,8,untiered
Electrode,HisuianElectrode,Electric,Grass,490,60,50,70,80,80,150,8,PU
Weezing,GalarianWeezing,Poison,Fairy,490,65,90,120,85,70,60,8,NU
Mr.Mime,GalarianMr.Mime,Ice,Psychic,460,50,65,65,90,90,100,8,PU
Articuno,GalarianArticuno,Psychic,Flying,580,90,85,85,125,100,95,8,PU
Zapdos,GalarianZapdos,Fighting,Flying,580,90,125,90,85,90,100,8,OU
Moltres,GalarianMoltres,Dark,Flying,580,90,85,90,100,125,90,8,BL2
Typhlosion,HisuianTyphlosion,Fire,Ghost,534,73,84,78,119,85,95,8,RU
Slowking,GalarianSlowking,Poison,Psychic,490,95,65,80,110,110,30,8,RU
Qwilfish,HisuianQwilfish,Dark,Poison,440,65,95,85,55,55,85,8,RU
Sneasel,HisuianSneasel,Fighting,Poison,430,55,95,55,35,75,115,8,RU
Corsola,GalarianCorsola,Ghost,,410,60,55,100,65,100,30,8,PU
Zigzagoon,GalarianZigzagoon,Dark,Normal,240,38,30,41,30,41,60,8,untiered
Linoone,GalarianLinoone,Dark,Normal,420,78,70,61,50,61,100,8,BL4
Dialga,OriginForme,Steel,Dragon,680,100,100,120,150,120,90,8,Uber
Palkia,OriginForme,Water,Dragon,680,90,100,100,150,120,120,8,Uber
Samurott,HisuianSamurott,Water,Dark,528,90,108,80,100,65,85,8,NU
Lilligant,HisuianLilligant,Grass,Fighting,480,70,105,75,50,75,105,8,NU
Basculin,White-StripedForm,Water,,460,70,92,65,80,55,98,8,PU
Darumaka,GalarianDarumaka,Ice,,315,70,90,45,15,45,50,8,untiered
Darmanitan,GalarianStandardMode,Ice,,480,105,140,55,30,55,95,8,UU
Darmanitan,GalarianZenMode,Ice,Fire,540,105,160,55,30,55,135,8,UU
Yamask,GalarianYamask,Ground,Ghost,303,38,55,85,30,65,30,8,untiered
Zorua,HisuianZorua,Normal,Ghost,330,35,60,40,85,40,70,8,untiered
Zoroark,HisuianZoroark,Normal,Ghost,510,60,105,60,120,60,105,8,BL2
Stunfisk,GalarianStunfisk,Ground,Steel,471,109,81,99,66,84,32,8,PU
Braviary,HisuianBraviary,Psychic,Flying,510,110,83,70,112,70,65,8,RU
Sliggoo,HisuianSliggoo,Steel,Dragon,452,58,75,83,83,113,40,8,PU
Goodra,HisuianGoodra,Steel,Dragon,600,80,100,100,110,150,60,8,UU
Avalugg,HisuianAvalugg,Ice,Rock,514,95,127,184,34,36,38,8,PU
Decidueye,HisuianDecidueye,Grass,Fighting,530,88,112,80,95,95,60,8,untiered
Grookey,,Grass,,310,50,65,50,40,40,65,8,untiered
Thwackey,,Grass,,420,70,85,70,55,60,80,8,untiered
Rillaboom,,Grass,,530,100,125,90,60,70,85,8,untiered
Scorbunny,,Fire,,310,50,71,40,40,40,69,8,untiered
Raboot,,Fire,,420,65,86,60,55,60,94,8,untiered
Cinderace,,Fire,,530,80,116,75,65,75,119,8,untiered
Sobble,,Water,,310,50,40,40,70,40,70,8,untiered
Drizzile,,Water,,420,65,60,55,95,55,90,8,untiered
Inteleon,,Water,,530,70,85,65,125,65,120,8,untiered
Skwovet,,Normal,,275,70,55,55,35,35,25,8,untiered
Greedent,,Normal,,460,120,95,95,55,75,20,8,untiered
Rookidee,,Flying,,245,38,47,35,33,35,57,8,untiered
Corvisquire,,Flying,,365,68,67,55,43,55,77,8,untiered
Corviknight,,Flying,Steel,495,98,87,105,53,85,67,8,untiered
Blipbug,,Bug,,180,25,20,20,25,45,45,8,untiered
Dottler,,Bug,Psychic,335,50,35,80,50,90,30,8,untiered
Orbeetle,,Bug,Psychic,505,60,45,110,80,120,90,8,untiered
Nickit,,Dark,,245,40,28,28,47,52,50,8,untiered
Thievul,,Dark,,455,70,58,58,87,92,90,8,untiered
Gossifleur,,Grass,,250,40,40,60,40,60,10,8,untiered
Eldegoss,,Grass,,460,60,50,90,80,120,60,8,untiered
Wooloo,,Normal,,270,42,40,55,40,45,48,8,untiered
Dubwool,,Normal,,490,72,80,100,60,90,88,8,untiered
Chewtle,,Water,,284,50,64,50,38,38,44,8,untiered
Drednaw,,Water,Rock,485,90,115,90,48,68,74,8,untiered
Yamper,,Electric,,270,59,45,50,40,50,26,8,untiered
Boltund,,Electric,,490,69,90,60,90,60,121,8,untiered
Rolycoly,,Rock,,240,30,40,50,40,50,30,8,untiered
Carkol,,Rock,Fire,410,80,60,90,60,70,50,8,untiered
Coalossal,,Rock,Fire,510,110,80,120,80,90,30,8,untiered
Applin,,Grass,Dragon,260,40,40,80,40,40,20,8,untiered
Flapple,,Grass,Dragon,485,70,110,80,95,60,70,8,untiered
Appletun,,Grass,Dragon,485,110,85,80,100,80,30,8,untiered
Silicobra,,Ground,,315,52,57,75,35,50,46,8,untiered
Sandaconda,,Ground,,510,72,107,125,65,70,71,8,untiered
Cramorant,,Flying,Water,475,70,85,55,85,95,85,8,untiered
Arrokuda,,Water,,280,41,63,40,40,30,66,8,untiered
Barraskewda,,Water,,490,61,123,60,60,50,136,8,untiered
Toxel,,Electric,Poison,242,40,38,35,54,35,40,8,untiered
Toxtricity,AmpedForm,Electric,Poison,502,75,98,70,114,70,75,8,untiered
Toxtricity,LowKeyForm,Electric,Poison,502,75,98,70,114,70,75,8,untiered
Sizzlipede,,Fire,Bug,305,50,65,45,50,50,45,8,untiered
Centiskorch,,Fire,Bug,525,100,115,65,90,90,65,8,untiered
Clobbopus,,Fighting,,310,50,68,60,50,50,32,8,untiered
Grapploct,,Fighting,,480,80,118,90,70,80,42,8,untiered
Sinistea,,Ghost,,308,40,45,45,74,54,50,8,untiered
Polteageist,,Ghost,,508,60,65,65,134,114,70,8,untiered
Hatenna,,Psychic,,265,42,30,45,56,53,39,8,untiered
Hattrem,,Psychic,,370,57,40,65,86,73,49,8,untiered
Hatterene,,Psychic,Fairy,510,57,90,95,136,103,29,8,untiered
Impidimp,,Dark,Fairy,265,45,45,30,55,40,50,8,untiered
Morgrem,,Dark,Fairy,370,65,60,45,75,55,70,8,untiered
Grimmsnarl,,Dark,Fairy,510,95,120,65,95,75,60,8,untiered
Obstagoon,,Dark,Normal,520,93,90,101,60,81,95,8,untiered
Perrserker,,Steel,,440,70,110,100,50,60,50,8,untiered
Cursola,,Ghost,,510,60,95,50,145,130,30,8,untiered
Sirfetch'd,,Fighting,,507,62,135,95,68,82,65,8,untiered
Mr.Rime,,Ice,Psychic,520,80,85,75,110,100,70,8,untiered
Runerigus,,Ground,Ghost,483,58,95,145,50,105,30,8,untiered
Milcery,,Fairy,,270,45,40,40,50,61,34,8,untiered
Alcremie,,Fairy,,495,65,60,75,110,121,64,8,untiered
Falinks,,Fighting,,470,65,100,100,70,60,75,8,untiered
Pincurchin,,Electric,,435,48,101,95,91,85,15,8,untiered
Snom,,Ice,Bug,185,30,25,35,45,30,20,8,untiered
Frosmoth,,Ice,Bug,475,70,65,60,125,90,65,8,untiered
Stonjourner,,Rock,,470,100,125,135,20,20,70,8,untiered
Eiscue,IceFace,Ice,,470,75,80,110,65,90,50,8,untiered
Eiscue,NoiceFace,Ice,,470,75,80,70,65,50,130,8,untiered
Indeedee,Male,Psychic,Normal,475,60,65,55,105,95,95,8,untiered
Indeedee,Female,Psychic,Normal,475,70,55,65,95,105,85,8,untiered
Morpeko,FullBellyMode,Electric,Dark,436,58,95,58,70,58,97,8,untiered
Morpeko,HangryMode,Electric,Dark,436,58,95,58,70,58,97,8,untiered
Cufant,,Steel,,330,72,80,49,40,49,40,8,untiered
Copperajah,,Steel,,500,122,130,69,80,69,30,8,untiered
Dracozolt,,Electric,Dragon,505,90,100,90,80,70,75,8,untiered
Arctozolt,,Electric,Ice,505,90,100,90,90,80,55,8,untiered
Dracovish,,Water,Dragon,505,90,90,100,70,80,75,8,untiered
Arctovish,,Water,Ice,505,90,90,100,80,90,55,8,untiered
Duraludon,,Steel,Dragon,535,70,95,115,120,50,85,8,untiered
Dreepy,,Dragon,Ghost,270,28,60,30,40,30,82,8,untiered
Drakloak,,Dragon,Ghost,410,68,80,50,60,50,102,8,untiered
Dragapult,,Dragon,Ghost,600,88,120,75,100,75,142,8,untiered
Zacian,HeroofManyBattles,Fairy,,660,92,120,115,80,115,138,8,untiered
Zacian,CrownedSword,Fairy,Steel,700,92,150,115,80,115,148,8,untiered
Zamazenta,HeroofManyBattles,Fighting,,660,92,120,115,80,115,138,8,untiered
Zamazenta,CrownedShield,Fighting,Steel,700,92,120,140,80,140,128,8,untiered
Eternatus,,Poison,Dragon,690,140,85,95,145,95,130,8,untiered
Eternatus,Eternamax,Poison,Dragon,1125,255,115,250,125,250,130,8,untiered
Kubfu,,Fighting,,385,60,90,60,53,50,72,8,untiered
Urshifu,SingleStrikeStyle,Fighting,Dark,550,100,130,100,63,60,97,8,untiered
Urshifu,RapidStrikeStyle,Fighting,Water,550,100,130,100,63,60,97,8,untiered
Zarude,,Dark,Grass,600,105,120,105,70,95,105,8,untiered
Regieleki,,Electric,,580,80,100,50,100,50,200,8,untiered
Regidrago,,Dragon,,580,200,100,50,100,50,80,8,untiered
Glastrier,,Ice,,580,100,145,130,65,110,30,8,untiered
Spectrier,,Ghost,,580,100,65,60,145,80,130,8,untiered
Calyrex,,Psychic,Grass,500,100,80,80,80,80,80,8,untiered
Calyrex,IceRider,Psychic,Ice,680,100,165,150,85,130,50,8,untiered
Calyrex,ShadowRider,Psychic,Ghost,680,100,85,80,165,100,150,8,untiered
Wyrdeer,,Normal,Psychic,525,103,105,72,105,75,65,8,untiered
Kleavor,,Bug,Rock,500,70,130,95,45,75,85,8,untiered
Ursaluna,,Ground,Normal,550,130,140,105,45,80,50,8,untiered
Basculegion,Male,Water,Ghost,530,120,112,65,80,75,78,8,untiered
Basculegion,Female,Water,Ghost,530,120,92,65,100,75,78,8,untiered
Sneasler,,Fighting,Poison,510,80,130,60,40,80,120,8,untiered
Overqwil,,Dark,Poison,510,85,115,95,65,65,85,8,untiered
Enamorus,IncarnateForme,Fairy,Flying,580,74,115,70,135,80,106,8,untiered
Enamorus,TherianForme,Fairy,Flying,580,74,115,110,135,100,46,8,untiered
Tauros,CombatBreed,Fighting,,490,75,110,105,30,70,100,9,NU
Tauros,BlazeBreed,Fighting,Fire,490,75,110,105,30,70,100,9,NU
Tauros,AquaBreed,Fighting,Water,490,75,110,105,30,70,100,9,NU
Wooper,PaldeanWooper,Poison,Ground,210,55,45,45,25,25,15,9,untiered
Sprigatito,,Grass,,310,40,61,54,45,45,65,9,untiered
Floragato,,Grass,,410,61,80,63,60,63,83,9,untiered
Meowscarada,,Grass,Dark,530,76,110,70,81,70,123,9,untiered
Fuecoco,,Fire,,310,67,45,59,63,40,36,9,untiered
Crocalor,,Fire,,411,81,55,78,90,58,49,9,untiered
Skeledirge,,Fire,Ghost,530,104,75,100,110,75,66,9,untiered
Quaxly,,Water,,310,55,65,45,50,45,50,9,untiered
Quaxwell,,Water,,410,70,85,65,65,60,65,9,untiered
Quaquaval,,Water,Fighting,530,85,120,80,85,75,85,9,untiered
Lechonk,,Normal,,254,54,45,40,35,45,35,9,untiered
Oinkologne,Male,Normal,,489,110,100,75,59,80,65,9,untiered
Oinkologne,Female,Normal,,489,115,90,70,59,90,65,9,untiered
Tarountula,,Bug,,210,35,41,45,29,40,20,9,untiered
Spidops,,Bug,,404,60,79,92,52,86,35,9,untiered
Nymble,,Bug,,210,33,46,40,21,25,45,9,untiered
Lokix,,Bug,Dark,450,71,102,78,52,55,92,9,untiered
Pawmi,,Electric,,240,45,50,20,40,25,60,9,untiered
Pawmo,,Electric,Fighting,350,60,75,40,50,40,85,9,untiered
Pawmot,,Electric,Fighting,490,70,115,70,70,60,105,9,untiered
Tandemaus,,Normal,,305,50,50,45,40,45,75,9,untiered
Maushold,FamilyofFour,Normal,,470,74,75,70,65,75,111,9,untiered
Maushold,FamilyofThree,Normal,,470,74,75,70,65,75,111,9,untiered
Fidough,,Fairy,,312,37,55,70,30,55,65,9,untiered
Dachsbun,,Fairy,,477,57,80,115,50,80,95,9,untiered
Smoliv,,Grass,Normal,260,41,35,45,58,51,30,9,untiered
Dolliv,,Grass,Normal,354,52,53,60,78,78,33,9,untiered
Arboliva,,Grass,Normal,510,78,69,90,125,109,39,9,untiered
Squawkabilly,GreenPlumage,Normal,Flying,417,82,96,51,45,51,92,9,untiered
Squawkabilly,BluePlumage,Normal,Flying,417,82,96,51,45,51,92,9,untiered
Squawkabilly,YellowPlumage,Normal,Flying,417,82,96,51,45,51,92,9,untiered
Squawkabilly,WhitePlumage,Normal,Flying,417,82,96,51,45,51,92,9,untiered
Nacli,,Rock,,280,55,55,75,35,35,25,9,untiered
Naclstack,,Rock,,355,60,60,100,35,65,35,9,untiered
Garganacl,,Rock,,500,100,100,130,45,90,35,9,untiered
Charcadet,,Fire,,255,40,50,40,50,40,35,9,untiered
Armarouge,,Fire,Psychic,525,85,60,100,125,80,75,9,untiered
Ceruledge,,Fire,Ghost,525,75,125,80,60,100,85,9,untiered
Tadbulb,,Electric,,272,61,31,41,59,35,45,9,untiered
Bellibolt,,Electric,,495,109,64,91,103,83,45,9,untiered
Wattrel,,Electric,Flying,280,40,40,35,55,40,70,9,untiered
Kilowattrel,,Electric,Flying,490,70,70,60,105,60,125,9,untiered
Maschiff,,Dark,,340,60,78,60,40,51,51,9,untiered
Mabosstiff,,Dark,,505,80,120,90,60,70,85,9,untiered
Shroodle,,Poison,Normal,290,40,65,35,40,35,75,9,untiered
Grafaiai,,Poison,Normal,485,63,95,65,80,72,110,9,untiered
Bramblin,,Grass,Ghost,275,40,65,30,45,35,60,9,untiered
Brambleghast,,Grass,Ghost,480,55,115,70,80,70,90,9,untiered
Toedscool,,Ground,Grass,335,40,40,35,50,100,70,9,untiered
Toedscruel,,Ground,Grass,515,80,70,65,80,120,100,9,untiered
Klawf,,Rock,,450,70,100,115,35,55,75,9,untiered
Capsakid,,Grass,,304,50,62,40,62,40,50,9,untiered
Scovillain,,Grass,Fire,486,65,108,65,108,65,75,9,untiered
Rellor,,Bug,,270,41,50,60,31,58,30,9,untiered
Rabsca,,Bug,Psychic,470,75,50,85,115,100,45,9,untiered
Flittle,,Psychic,,255,30,35,30,55,30,75,9,untiered
Espathra,,Psychic,,481,95,60,60,101,60,105,9,untiered
Tinkatink,,Fairy,Steel,297,50,45,45,35,64,58,9,untiered
Tinkatuff,,Fairy,Steel,380,65,55,55,45,82,78,9,untiered
Tinkaton,,Fairy,Steel,506,85,75,77,70,105,94,9,untiered
Wiglett,,Water,,245,10,55,25,35,25,95,9,untiered
Wugtrio,,Water,,425,35,100,50,50,70,120,9,untiered
Bombirdier,,Flying,Dark,485,70,103,85,60,85,82,9,untiered
Finizen,,Water,,315,70,45,40,45,40,75,9,untiered
Palafin,ZeroForm,Water,,457,100,70,72,53,62,100,9,untiered
Palafin,HeroForm,Water,,650,100,160,97,106,87,100,9,untiered
Varoom,,Steel,Poison,300,45,70,63,30,45,47,9,untiered
Revavroom,,Steel,Poison,500,80,119,90,54,67,90,9,untiered
Cyclizar,,Dragon,Normal,501,70,95,65,85,65,121,9,untiered
Orthworm,,Steel,,480,70,85,145,60,55,65,9,untiered
Glimmet,,Rock,Poison,350,48,35,42,105,60,60,9,untiered
Glimmora,,Rock,Poison,525,83,55,90,130,81,86,9,untiered
Greavard,,Ghost,,290,50,61,60,30,55,34,9,untiered
Houndstone,,Ghost,,488,72,101,100,50,97,68,9,untiered
Flamigo,,Flying,Fighting,500,82,115,74,75,64,90,9,untiered
Cetoddle,,Ice,,334,108,68,45,30,40,43,9,untiered
Cetitan,,Ice,,521,170,113,65,45,55,73,9,untiered
Veluza,,Water,Psychic,478,90,102,73,78,65,70,9,untiered
Dondozo,,Water,,530,150,100,115,65,65,35,9,untiered
Tatsugiri,CurlyForm,Dragon,Water,475,68,50,60,120,95,82,9,untiered
Tatsugiri,DroopyForm,Dragon,Water,475,68,50,60,120,95,82,9,untiered
Tatsugiri,StretchyForm,Dragon,Water,475,68,50,60,120,95,82,9,untiered
Annihilape,,Fighting,Ghost,535,110,115,80,50,90,90,9,untiered
Clodsire,,Poison,Ground,430,130,75,60,45,100,20,9,untiered
Farigiraf,,Normal,Psychic,520,120,90,70,110,70,60,9,untiered
Dudunsparce,Two-SegmentForm,Normal,,520,125,100,80,85,75,55,9,untiered
Dudunsparce,Three-SegmentForm,Normal,,520,125,100,80,85,75,55,9,untiered
Kingambit,,Dark,Steel,550,100,135,120,60,85,50,9,untiered
GreatTusk,,Ground,Fighting,570,115,131,131,53,53,87,9,untiered
ScreamTail,,Fairy,Psychic,570,115,65,99,65,115,111,9,untiered
BruteBonnet,,Grass,Dark,570,111,127,99,79,99,55,9,untiered
FlutterMane,,Ghost,Fairy,570,55,55,55,135,135,135,9,untiered
SlitherWing,,Bug,Fighting,570,85,135,79,85,105,81,9,untiered
SandyShocks,,Electric,Ground,570,85,81,97,121,85,101,9,untiered
IronTreads,,Ground,Steel,570,90,112,120,72,70,106,9,untiered
IronBundle,,Ice,Water,570,56,80,114,124,60,136,9,untiered
IronHands,,Fighting,Electric,570,154,140,108,50,68,50,9,untiered
IronJugulis,,Dark,Flying,570,94,80,86,122,80,108,9,untiered
IronMoth,,Fire,Poison,570,80,70,60,140,110,110,9,untiered
IronThorns,,Rock,Electric,570,100,134,110,70,84,72,9,untiered
Frigibax,,Dragon,Ice,320,65,75,45,35,45,55,9,untiered
Arctibax,,Dragon,Ice,423,90,95,66,45,65,62,9,untiered
Baxcalibur,,Dragon,Ice,600,115,145,92,75,86,87,9,untiered
Gimmighoul,ChestForm,Ghost,,300,45,30,70,75,70,10,9,untiered
Gimmighoul,RoamingForm,Ghost,,300,45,30,25,75,45,80,9,untiered
Gholdengo,,Steel,Ghost,550,87,60,95,133,91,84,9,untiered
Wo-Chien,,Dark,Grass,570,85,85,100,95,135,70,9,untiered
Chien-Pao,,Dark,Ice,570,80,120,80,90,65,135,9,untiered
Ting-Lu,,Dark,Ground,570,155,110,125,55,80,45,9,untiered
Chi-Yu,,Dark,Fire,570,55,80,80,135,120,100,9,untiered
RoaringMoon,,Dragon,Dark,590,105,139,71,55,101,119,9,untiered
IronValiant,,Fairy,Fighting,590,74,130,90,120,60,116,9,untiered
Koraidon,,Fighting,Dragon,670,100,135,115,85,100,135,9,untiered
Miraidon,,Electric,Dragon,670,100,85,100,135,115,135,9,untiered
WalkingWake,,Water,Dragon,590,99,83,91,125,83,109,9,untiered
IronLeaves,,Grass,Psychic,590,90,130,88,70,108,104,9,untiered
